,IdCalendar,Date,year,week,day,hour
0,1,2018-01-01,2018,1,1,00:00:00
1,2,2018-01-01,2018,1,1,01:00:00
2,3,2018-01-01,2018,1,1,02:00:00
3,4,2018-01-01,2018,1,1,03:00:00
4,5,2018-01-01,2018,1,1,04:00:00
5,6,2018-01-01,2018,1,1,05:00:00
6,7,2018-01-01,2018,1,1,06:00:00
7,8,2018-01-01,2018,1,1,07:00:00
8,9,2018-01-01,2018,1,1,08:00:00
9,10,2018-01-01,2018,1,1,09:00:00
10,11,2018-01-01,2018,1,1,10:00:00
11,12,2018-01-01,2018,1,1,11:00:00
12,13,2018-01-01,2018,1,1,12:00:00
13,14,2018-01-01,2018,1,1,13:00:00
14,15,2018-01-01,2018,1,1,14:00:00
15,16,2018-01-01,2018,1,1,15:00:00
16,17,2018-01-01,2018,1,1,16:00:00
17,18,2018-01-01,2018,1,1,17:00:00
18,19,2018-01-01,2018,1,1,18:00:00
19,20,2018-01-01,2018,1,1,19:00:00
20,21,2018-01-01,2018,1,1,20:00:00
21,22,2018-01-01,2018,1,1,21:00:00
22,23,2018-01-01,2018,1,1,22:00:00
23,24,2018-01-01,2018,1,1,23:00:00
24,25,2018-02-01,2018,1,2,00:00:00
25,26,2018-02-01,2018,1,2,01:00:00
26,27,2018-02-01,2018,1,2,02:00:00
27,28,2018-02-01,2018,1,2,03:00:00
28,29,2018-02-01,2018,1,2,04:00:00
29,30,2018-02-01,2018,1,2,05:00:00
30,31,2018-02-01,2018,1,2,06:00:00
31,32,2018-02-01,2018,1,2,07:00:00
32,33,2018-02-01,2018,1,2,08:00:00
33,34,2018-02-01,2018,1,2,09:00:00
34,35,2018-02-01,2018,1,2,10:00:00
35,36,2018-02-01,2018,1,2,11:00:00
36,37,2018-02-01,2018,1,2,12:00:00
37,38,2018-02-01,2018,1,2,13:00:00
38,39,2018-02-01,2018,1,2,14:00:00
39,40,2018-02-01,2018,1,2,15:00:00
40,41,2018-02-01,2018,1,2,16:00:00
41,42,2018-02-01,2018,1,2,17:00:00
42,43,2018-02-01,2018,1,2,18:00:00
43,44,2018-02-01,2018,1,2,19:00:00
44,45,2018-02-01,2018,1,2,20:00:00
45,46,2018-02-01,2018,1,2,21:00:00
46,47,2018-02-01,2018,1,2,22:00:00
47,48,2018-02-01,2018,1,2,23:00:00
48,49,2018-03-01,2018,1,3,00:00:00
49,50,2018-03-01,2018,1,3,01:00:00
50,51,2018-03-01,2018,1,3,02:00:00
51,52,2018-03-01,2018,1,3,03:00:00
52,53,2018-03-01,2018,1,3,04:00:00
53,54,2018-03-01,2018,1,3,05:00:00
54,55,2018-03-01,2018,1,3,06:00:00
55,56,2018-03-01,2018,1,3,07:00:00
56,57,2018-03-01,2018,1,3,08:00:00
57,58,2018-03-01,2018,1,3,09:00:00
58,59,2018-03-01,2018,1,3,10:00:00
59,60,2018-03-01,2018,1,3,11:00:00
60,61,2018-03-01,2018,1,3,12:00:00
61,62,2018-03-01,2018,1,3,13:00:00
62,63,2018-03-01,2018,1,3,14:00:00
63,64,2018-03-01,2018,1,3,15:00:00
64,65,2018-03-01,2018,1,3,16:00:00
65,66,2018-03-01,2018,1,3,17:00:00
66,67,2018-03-01,2018,1,3,18:00:00
67,68,2018-03-01,2018,1,3,19:00:00
68,69,2018-03-01,2018,1,3,20:00:00
69,70,2018-03-01,2018,1,3,21:00:00
70,71,2018-03-01,2018,1,3,22:00:00
71,72,2018-03-01,2018,1,3,23:00:00
72,73,2018-04-01,2018,1,4,00:00:00
73,74,2018-04-01,2018,1,4,01:00:00
74,75,2018-04-01,2018,1,4,02:00:00
75,76,2018-04-01,2018,1,4,03:00:00
76,77,2018-04-01,2018,1,4,04:00:00
77,78,2018-04-01,2018,1,4,05:00:00
78,79,2018-04-01,2018,1,4,06:00:00
79,80,2018-04-01,2018,1,4,07:00:00
80,81,2018-04-01,2018,1,4,08:00:00
81,82,2018-04-01,2018,1,4,09:00:00
82,83,2018-04-01,2018,1,4,10:00:00
83,84,2018-04-01,2018,1,4,11:00:00
84,85,2018-04-01,2018,1,4,12:00:00
85,86,2018-04-01,2018,1,4,13:00:00
86,87,2018-04-01,2018,1,4,14:00:00
87,88,2018-04-01,2018,1,4,15:00:00
88,89,2018-04-01,2018,1,4,16:00:00
89,90,2018-04-01,2018,1,4,17:00:00
90,91,2018-04-01,2018,1,4,18:00:00
91,92,2018-04-01,2018,1,4,19:00:00
92,93,2018-04-01,2018,1,4,20:00:00
93,94,2018-04-01,2018,1,4,21:00:00
94,95,2018-04-01,2018,1,4,22:00:00
95,96,2018-04-01,2018,1,4,23:00:00
96,97,2018-05-01,2018,1,5,00:00:00
97,98,2018-05-01,2018,1,5,01:00:00
98,99,2018-05-01,2018,1,5,02:00:00
99,100,2018-05-01,2018,1,5,03:00:00
100,101,2018-05-01,2018,1,5,04:00:00
101,102,2018-05-01,2018,1,5,05:00:00
102,103,2018-05-01,2018,1,5,06:00:00
103,104,2018-05-01,2018,1,5,07:00:00
104,105,2018-05-01,2018,1,5,08:00:00
105,106,2018-05-01,2018,1,5,09:00:00
106,107,2018-05-01,2018,1,5,10:00:00
107,108,2018-05-01,2018,1,5,11:00:00
108,109,2018-05-01,2018,1,5,12:00:00
109,110,2018-05-01,2018,1,5,13:00:00
110,111,2018-05-01,2018,1,5,14:00:00
111,112,2018-05-01,2018,1,5,15:00:00
112,113,2018-05-01,2018,1,5,16:00:00
113,114,2018-05-01,2018,1,5,17:00:00
114,115,2018-05-01,2018,1,5,18:00:00
115,116,2018-05-01,2018,1,5,19:00:00
116,117,2018-05-01,2018,1,5,20:00:00
117,118,2018-05-01,2018,1,5,21:00:00
118,119,2018-05-01,2018,1,5,22:00:00
119,120,2018-05-01,2018,1,5,23:00:00
120,121,2018-06-01,2018,1,6,00:00:00
121,122,2018-06-01,2018,1,6,01:00:00
122,123,2018-06-01,2018,1,6,02:00:00
123,124,2018-06-01,2018,1,6,03:00:00
124,125,2018-06-01,2018,1,6,04:00:00
125,126,2018-06-01,2018,1,6,05:00:00
126,127,2018-06-01,2018,1,6,06:00:00
127,128,2018-06-01,2018,1,6,07:00:00
128,129,2018-06-01,2018,1,6,08:00:00
129,130,2018-06-01,2018,1,6,09:00:00
130,131,2018-06-01,2018,1,6,10:00:00
131,132,2018-06-01,2018,1,6,11:00:00
132,133,2018-06-01,2018,1,6,12:00:00
133,134,2018-06-01,2018,1,6,13:00:00
134,135,2018-06-01,2018,1,6,14:00:00
135,136,2018-06-01,2018,1,6,15:00:00
136,137,2018-06-01,2018,1,6,16:00:00
137,138,2018-06-01,2018,1,6,17:00:00
138,139,2018-06-01,2018,1,6,18:00:00
139,140,2018-06-01,2018,1,6,19:00:00
140,141,2018-06-01,2018,1,6,20:00:00
141,142,2018-06-01,2018,1,6,21:00:00
142,143,2018-06-01,2018,1,6,22:00:00
143,144,2018-06-01,2018,1,6,23:00:00
144,145,2018-07-01,2018,1,7,00:00:00
145,146,2018-07-01,2018,1,7,01:00:00
146,147,2018-07-01,2018,1,7,02:00:00
147,148,2018-07-01,2018,1,7,03:00:00
148,149,2018-07-01,2018,1,7,04:00:00
149,150,2018-07-01,2018,1,7,05:00:00
150,151,2018-07-01,2018,1,7,06:00:00
151,152,2018-07-01,2018,1,7,07:00:00
152,153,2018-07-01,2018,1,7,08:00:00
153,154,2018-07-01,2018,1,7,09:00:00
154,155,2018-07-01,2018,1,7,10:00:00
155,156,2018-07-01,2018,1,7,11:00:00
156,157,2018-07-01,2018,1,7,12:00:00
157,158,2018-07-01,2018,1,7,13:00:00
158,159,2018-07-01,2018,1,7,14:00:00
159,160,2018-07-01,2018,1,7,15:00:00
160,161,2018-07-01,2018,1,7,16:00:00
161,162,2018-07-01,2018,1,7,17:00:00
162,163,2018-07-01,2018,1,7,18:00:00
163,164,2018-07-01,2018,1,7,19:00:00
164,165,2018-07-01,2018,1,7,20:00:00
165,166,2018-07-01,2018,1,7,21:00:00
166,167,2018-07-01,2018,1,7,22:00:00
167,168,2018-07-01,2018,1,7,23:00:00
168,169,2018-08-01,2018,2,8,00:00:00
169,170,2018-08-01,2018,2,8,01:00:00
170,171,2018-08-01,2018,2,8,02:00:00
171,172,2018-08-01,2018,2,8,03:00:00
172,173,2018-08-01,2018,2,8,04:00:00
173,174,2018-08-01,2018,2,8,05:00:00
174,175,2018-08-01,2018,2,8,06:00:00
175,176,2018-08-01,2018,2,8,07:00:00
176,177,2018-08-01,2018,2,8,08:00:00
177,178,2018-08-01,2018,2,8,09:00:00
178,179,2018-08-01,2018,2,8,10:00:00
179,180,2018-08-01,2018,2,8,11:00:00
180,181,2018-08-01,2018,2,8,12:00:00
181,182,2018-08-01,2018,2,8,13:00:00
182,183,2018-08-01,2018,2,8,14:00:00
183,184,2018-08-01,2018,2,8,15:00:00
184,185,2018-08-01,2018,2,8,16:00:00
185,186,2018-08-01,2018,2,8,17:00:00
186,187,2018-08-01,2018,2,8,18:00:00
187,188,2018-08-01,2018,2,8,19:00:00
188,189,2018-08-01,2018,2,8,20:00:00
189,190,2018-08-01,2018,2,8,21:00:00
190,191,2018-08-01,2018,2,8,22:00:00
191,192,2018-08-01,2018,2,8,23:00:00
192,193,2018-09-01,2018,2,9,00:00:00
193,194,2018-09-01,2018,2,9,01:00:00
194,195,2018-09-01,2018,2,9,02:00:00
195,196,2018-09-01,2018,2,9,03:00:00
196,197,2018-09-01,2018,2,9,04:00:00
197,198,2018-09-01,2018,2,9,05:00:00
198,199,2018-09-01,2018,2,9,06:00:00
199,200,2018-09-01,2018,2,9,07:00:00
200,201,2018-09-01,2018,2,9,08:00:00
201,202,2018-09-01,2018,2,9,09:00:00
202,203,2018-09-01,2018,2,9,10:00:00
203,204,2018-09-01,2018,2,9,11:00:00
204,205,2018-09-01,2018,2,9,12:00:00
205,206,2018-09-01,2018,2,9,13:00:00
206,207,2018-09-01,2018,2,9,14:00:00
207,208,2018-09-01,2018,2,9,15:00:00
208,209,2018-09-01,2018,2,9,16:00:00
209,210,2018-09-01,2018,2,9,17:00:00
210,211,2018-09-01,2018,2,9,18:00:00
211,212,2018-09-01,2018,2,9,19:00:00
212,213,2018-09-01,2018,2,9,20:00:00
213,214,2018-09-01,2018,2,9,21:00:00
214,215,2018-09-01,2018,2,9,22:00:00
215,216,2018-09-01,2018,2,9,23:00:00
216,217,2018-10-01,2018,2,10,00:00:00
217,218,2018-10-01,2018,2,10,01:00:00
218,219,2018-10-01,2018,2,10,02:00:00
219,220,2018-10-01,2018,2,10,03:00:00
220,221,2018-10-01,2018,2,10,04:00:00
221,222,2018-10-01,2018,2,10,05:00:00
222,223,2018-10-01,2018,2,10,06:00:00
223,224,2018-10-01,2018,2,10,07:00:00
224,225,2018-10-01,2018,2,10,08:00:00
225,226,2018-10-01,2018,2,10,09:00:00
226,227,2018-10-01,2018,2,10,10:00:00
227,228,2018-10-01,2018,2,10,11:00:00
228,229,2018-10-01,2018,2,10,12:00:00
229,230,2018-10-01,2018,2,10,13:00:00
230,231,2018-10-01,2018,2,10,14:00:00
231,232,2018-10-01,2018,2,10,15:00:00
232,233,2018-10-01,2018,2,10,16:00:00
233,234,2018-10-01,2018,2,10,17:00:00
234,235,2018-10-01,2018,2,10,18:00:00
235,236,2018-10-01,2018,2,10,19:00:00
236,237,2018-10-01,2018,2,10,20:00:00
237,238,2018-10-01,2018,2,10,21:00:00
238,239,2018-10-01,2018,2,10,22:00:00
239,240,2018-10-01,2018,2,10,23:00:00
240,241,2018-11-01,2018,2,11,00:00:00
241,242,2018-11-01,2018,2,11,01:00:00
242,243,2018-11-01,2018,2,11,02:00:00
243,244,2018-11-01,2018,2,11,03:00:00
244,245,2018-11-01,2018,2,11,04:00:00
245,246,2018-11-01,2018,2,11,05:00:00
246,247,2018-11-01,2018,2,11,06:00:00
247,248,2018-11-01,2018,2,11,07:00:00
248,249,2018-11-01,2018,2,11,08:00:00
249,250,2018-11-01,2018,2,11,09:00:00
250,251,2018-11-01,2018,2,11,10:00:00
251,252,2018-11-01,2018,2,11,11:00:00
252,253,2018-11-01,2018,2,11,12:00:00
253,254,2018-11-01,2018,2,11,13:00:00
254,255,2018-11-01,2018,2,11,14:00:00
255,256,2018-11-01,2018,2,11,15:00:00
256,257,2018-11-01,2018,2,11,16:00:00
257,258,2018-11-01,2018,2,11,17:00:00
258,259,2018-11-01,2018,2,11,18:00:00
259,260,2018-11-01,2018,2,11,19:00:00
260,261,2018-11-01,2018,2,11,20:00:00
261,262,2018-11-01,2018,2,11,21:00:00
262,263,2018-11-01,2018,2,11,22:00:00
263,264,2018-11-01,2018,2,11,23:00:00
264,265,2018-12-01,2018,2,12,00:00:00
265,266,2018-12-01,2018,2,12,01:00:00
266,267,2018-12-01,2018,2,12,02:00:00
267,268,2018-12-01,2018,2,12,03:00:00
268,269,2018-12-01,2018,2,12,04:00:00
269,270,2018-12-01,2018,2,12,05:00:00
270,271,2018-12-01,2018,2,12,06:00:00
271,272,2018-12-01,2018,2,12,07:00:00
272,273,2018-12-01,2018,2,12,08:00:00
273,274,2018-12-01,2018,2,12,09:00:00
274,275,2018-12-01,2018,2,12,10:00:00
275,276,2018-12-01,2018,2,12,11:00:00
276,277,2018-12-01,2018,2,12,12:00:00
277,278,2018-12-01,2018,2,12,13:00:00
278,279,2018-12-01,2018,2,12,14:00:00
279,280,2018-12-01,2018,2,12,15:00:00
280,281,2018-12-01,2018,2,12,16:00:00
281,282,2018-12-01,2018,2,12,17:00:00
282,283,2018-12-01,2018,2,12,18:00:00
283,284,2018-12-01,2018,2,12,19:00:00
284,285,2018-12-01,2018,2,12,20:00:00
285,286,2018-12-01,2018,2,12,21:00:00
286,287,2018-12-01,2018,2,12,22:00:00
287,288,2018-12-01,2018,2,12,23:00:00
288,289,2018-01-13,2018,2,13,00:00:00
289,290,2018-01-13,2018,2,13,01:00:00
290,291,2018-01-13,2018,2,13,02:00:00
291,292,2018-01-13,2018,2,13,03:00:00
292,293,2018-01-13,2018,2,13,04:00:00
293,294,2018-01-13,2018,2,13,05:00:00
294,295,2018-01-13,2018,2,13,06:00:00
295,296,2018-01-13,2018,2,13,07:00:00
296,297,2018-01-13,2018,2,13,08:00:00
297,298,2018-01-13,2018,2,13,09:00:00
298,299,2018-01-13,2018,2,13,10:00:00
299,300,2018-01-13,2018,2,13,11:00:00
300,301,2018-01-13,2018,2,13,12:00:00
301,302,2018-01-13,2018,2,13,13:00:00
302,303,2018-01-13,2018,2,13,14:00:00
303,304,2018-01-13,2018,2,13,15:00:00
304,305,2018-01-13,2018,2,13,16:00:00
305,306,2018-01-13,2018,2,13,17:00:00
306,307,2018-01-13,2018,2,13,18:00:00
307,308,2018-01-13,2018,2,13,19:00:00
308,309,2018-01-13,2018,2,13,20:00:00
309,310,2018-01-13,2018,2,13,21:00:00
310,311,2018-01-13,2018,2,13,22:00:00
311,312,2018-01-13,2018,2,13,23:00:00
312,313,2018-01-14,2018,2,14,00:00:00
313,314,2018-01-14,2018,2,14,01:00:00
314,315,2018-01-14,2018,2,14,02:00:00
315,316,2018-01-14,2018,2,14,03:00:00
316,317,2018-01-14,2018,2,14,04:00:00
317,318,2018-01-14,2018,2,14,05:00:00
318,319,2018-01-14,2018,2,14,06:00:00
319,320,2018-01-14,2018,2,14,07:00:00
320,321,2018-01-14,2018,2,14,08:00:00
321,322,2018-01-14,2018,2,14,09:00:00
322,323,2018-01-14,2018,2,14,10:00:00
323,324,2018-01-14,2018,2,14,11:00:00
324,325,2018-01-14,2018,2,14,12:00:00
325,326,2018-01-14,2018,2,14,13:00:00
326,327,2018-01-14,2018,2,14,14:00:00
327,328,2018-01-14,2018,2,14,15:00:00
328,329,2018-01-14,2018,2,14,16:00:00
329,330,2018-01-14,2018,2,14,17:00:00
330,331,2018-01-14,2018,2,14,18:00:00
331,332,2018-01-14,2018,2,14,19:00:00
332,333,2018-01-14,2018,2,14,20:00:00
333,334,2018-01-14,2018,2,14,21:00:00
334,335,2018-01-14,2018,2,14,22:00:00
335,336,2018-01-14,2018,2,14,23:00:00
336,337,2018-01-15,2018,3,15,00:00:00
337,338,2018-01-15,2018,3,15,01:00:00
338,339,2018-01-15,2018,3,15,02:00:00
339,340,2018-01-15,2018,3,15,03:00:00
340,341,2018-01-15,2018,3,15,04:00:00
341,342,2018-01-15,2018,3,15,05:00:00
342,343,2018-01-15,2018,3,15,06:00:00
343,344,2018-01-15,2018,3,15,07:00:00
344,345,2018-01-15,2018,3,15,08:00:00
345,346,2018-01-15,2018,3,15,09:00:00
346,347,2018-01-15,2018,3,15,10:00:00
347,348,2018-01-15,2018,3,15,11:00:00
348,349,2018-01-15,2018,3,15,12:00:00
349,350,2018-01-15,2018,3,15,13:00:00
350,351,2018-01-15,2018,3,15,14:00:00
351,352,2018-01-15,2018,3,15,15:00:00
352,353,2018-01-15,2018,3,15,16:00:00
353,354,2018-01-15,2018,3,15,17:00:00
354,355,2018-01-15,2018,3,15,18:00:00
355,356,2018-01-15,2018,3,15,19:00:00
356,357,2018-01-15,2018,3,15,20:00:00
357,358,2018-01-15,2018,3,15,21:00:00
358,359,2018-01-15,2018,3,15,22:00:00
359,360,2018-01-15,2018,3,15,23:00:00
360,361,2018-01-16,2018,3,16,00:00:00
361,362,2018-01-16,2018,3,16,01:00:00
362,363,2018-01-16,2018,3,16,02:00:00
363,364,2018-01-16,2018,3,16,03:00:00
364,365,2018-01-16,2018,3,16,04:00:00
365,366,2018-01-16,2018,3,16,05:00:00
366,367,2018-01-16,2018,3,16,06:00:00
367,368,2018-01-16,2018,3,16,07:00:00
368,369,2018-01-16,2018,3,16,08:00:00
369,370,2018-01-16,2018,3,16,09:00:00
370,371,2018-01-16,2018,3,16,10:00:00
371,372,2018-01-16,2018,3,16,11:00:00
372,373,2018-01-16,2018,3,16,12:00:00
373,374,2018-01-16,2018,3,16,13:00:00
374,375,2018-01-16,2018,3,16,14:00:00
375,376,2018-01-16,2018,3,16,15:00:00
376,377,2018-01-16,2018,3,16,16:00:00
377,378,2018-01-16,2018,3,16,17:00:00
378,379,2018-01-16,2018,3,16,18:00:00
379,380,2018-01-16,2018,3,16,19:00:00
380,381,2018-01-16,2018,3,16,20:00:00
381,382,2018-01-16,2018,3,16,21:00:00
382,383,2018-01-16,2018,3,16,22:00:00
383,384,2018-01-16,2018,3,16,23:00:00
384,385,2018-01-17,2018,3,17,00:00:00
385,386,2018-01-17,2018,3,17,01:00:00
386,387,2018-01-17,2018,3,17,02:00:00
387,388,2018-01-17,2018,3,17,03:00:00
388,389,2018-01-17,2018,3,17,04:00:00
389,390,2018-01-17,2018,3,17,05:00:00
390,391,2018-01-17,2018,3,17,06:00:00
391,392,2018-01-17,2018,3,17,07:00:00
392,393,2018-01-17,2018,3,17,08:00:00
393,394,2018-01-17,2018,3,17,09:00:00
394,395,2018-01-17,2018,3,17,10:00:00
395,396,2018-01-17,2018,3,17,11:00:00
396,397,2018-01-17,2018,3,17,12:00:00
397,398,2018-01-17,2018,3,17,13:00:00
398,399,2018-01-17,2018,3,17,14:00:00
399,400,2018-01-17,2018,3,17,15:00:00
400,401,2018-01-17,2018,3,17,16:00:00
401,402,2018-01-17,2018,3,17,17:00:00
402,403,2018-01-17,2018,3,17,18:00:00
403,404,2018-01-17,2018,3,17,19:00:00
404,405,2018-01-17,2018,3,17,20:00:00
405,406,2018-01-17,2018,3,17,21:00:00
406,407,2018-01-17,2018,3,17,22:00:00
407,408,2018-01-17,2018,3,17,23:00:00
408,409,2018-01-18,2018,3,18,00:00:00
409,410,2018-01-18,2018,3,18,01:00:00
410,411,2018-01-18,2018,3,18,02:00:00
411,412,2018-01-18,2018,3,18,03:00:00
412,413,2018-01-18,2018,3,18,04:00:00
413,414,2018-01-18,2018,3,18,05:00:00
414,415,2018-01-18,2018,3,18,06:00:00
415,416,2018-01-18,2018,3,18,07:00:00
416,417,2018-01-18,2018,3,18,08:00:00
417,418,2018-01-18,2018,3,18,09:00:00
418,419,2018-01-18,2018,3,18,10:00:00
419,420,2018-01-18,2018,3,18,11:00:00
420,421,2018-01-18,2018,3,18,12:00:00
421,422,2018-01-18,2018,3,18,13:00:00
422,423,2018-01-18,2018,3,18,14:00:00
423,424,2018-01-18,2018,3,18,15:00:00
424,425,2018-01-18,2018,3,18,16:00:00
425,426,2018-01-18,2018,3,18,17:00:00
426,427,2018-01-18,2018,3,18,18:00:00
427,428,2018-01-18,2018,3,18,19:00:00
428,429,2018-01-18,2018,3,18,20:00:00
429,430,2018-01-18,2018,3,18,21:00:00
430,431,2018-01-18,2018,3,18,22:00:00
431,432,2018-01-18,2018,3,18,23:00:00
432,433,2018-01-19,2018,3,19,00:00:00
433,434,2018-01-19,2018,3,19,01:00:00
434,435,2018-01-19,2018,3,19,02:00:00
435,436,2018-01-19,2018,3,19,03:00:00
436,437,2018-01-19,2018,3,19,04:00:00
437,438,2018-01-19,2018,3,19,05:00:00
438,439,2018-01-19,2018,3,19,06:00:00
439,440,2018-01-19,2018,3,19,07:00:00
440,441,2018-01-19,2018,3,19,08:00:00
441,442,2018-01-19,2018,3,19,09:00:00
442,443,2018-01-19,2018,3,19,10:00:00
443,444,2018-01-19,2018,3,19,11:00:00
444,445,2018-01-19,2018,3,19,12:00:00
445,446,2018-01-19,2018,3,19,13:00:00
446,447,2018-01-19,2018,3,19,14:00:00
447,448,2018-01-19,2018,3,19,15:00:00
448,449,2018-01-19,2018,3,19,16:00:00
449,450,2018-01-19,2018,3,19,17:00:00
450,451,2018-01-19,2018,3,19,18:00:00
451,452,2018-01-19,2018,3,19,19:00:00
452,453,2018-01-19,2018,3,19,20:00:00
453,454,2018-01-19,2018,3,19,21:00:00
454,455,2018-01-19,2018,3,19,22:00:00
455,456,2018-01-19,2018,3,19,23:00:00
456,457,2018-01-20,2018,3,20,00:00:00
457,458,2018-01-20,2018,3,20,01:00:00
458,459,2018-01-20,2018,3,20,02:00:00
459,460,2018-01-20,2018,3,20,03:00:00
460,461,2018-01-20,2018,3,20,04:00:00
461,462,2018-01-20,2018,3,20,05:00:00
462,463,2018-01-20,2018,3,20,06:00:00
463,464,2018-01-20,2018,3,20,07:00:00
464,465,2018-01-20,2018,3,20,08:00:00
465,466,2018-01-20,2018,3,20,09:00:00
466,467,2018-01-20,2018,3,20,10:00:00
467,468,2018-01-20,2018,3,20,11:00:00
468,469,2018-01-20,2018,3,20,12:00:00
469,470,2018-01-20,2018,3,20,13:00:00
470,471,2018-01-20,2018,3,20,14:00:00
471,472,2018-01-20,2018,3,20,15:00:00
472,473,2018-01-20,2018,3,20,16:00:00
473,474,2018-01-20,2018,3,20,17:00:00
474,475,2018-01-20,2018,3,20,18:00:00
475,476,2018-01-20,2018,3,20,19:00:00
476,477,2018-01-20,2018,3,20,20:00:00
477,478,2018-01-20,2018,3,20,21:00:00
478,479,2018-01-20,2018,3,20,22:00:00
479,480,2018-01-20,2018,3,20,23:00:00
480,481,2018-01-21,2018,3,21,00:00:00
481,482,2018-01-21,2018,3,21,01:00:00
482,483,2018-01-21,2018,3,21,02:00:00
483,484,2018-01-21,2018,3,21,03:00:00
484,485,2018-01-21,2018,3,21,04:00:00
485,486,2018-01-21,2018,3,21,05:00:00
486,487,2018-01-21,2018,3,21,06:00:00
487,488,2018-01-21,2018,3,21,07:00:00
488,489,2018-01-21,2018,3,21,08:00:00
489,490,2018-01-21,2018,3,21,09:00:00
490,491,2018-01-21,2018,3,21,10:00:00
491,492,2018-01-21,2018,3,21,11:00:00
492,493,2018-01-21,2018,3,21,12:00:00
493,494,2018-01-21,2018,3,21,13:00:00
494,495,2018-01-21,2018,3,21,14:00:00
495,496,2018-01-21,2018,3,21,15:00:00
496,497,2018-01-21,2018,3,21,16:00:00
497,498,2018-01-21,2018,3,21,17:00:00
498,499,2018-01-21,2018,3,21,18:00:00
499,500,2018-01-21,2018,3,21,19:00:00
500,501,2018-01-21,2018,3,21,20:00:00
501,502,2018-01-21,2018,3,21,21:00:00
502,503,2018-01-21,2018,3,21,22:00:00
503,504,2018-01-21,2018,3,21,23:00:00
504,505,2018-01-22,2018,4,22,00:00:00
505,506,2018-01-22,2018,4,22,01:00:00
506,507,2018-01-22,2018,4,22,02:00:00
507,508,2018-01-22,2018,4,22,03:00:00
508,509,2018-01-22,2018,4,22,04:00:00
509,510,2018-01-22,2018,4,22,05:00:00
510,511,2018-01-22,2018,4,22,06:00:00
511,512,2018-01-22,2018,4,22,07:00:00
512,513,2018-01-22,2018,4,22,08:00:00
513,514,2018-01-22,2018,4,22,09:00:00
514,515,2018-01-22,2018,4,22,10:00:00
515,516,2018-01-22,2018,4,22,11:00:00
516,517,2018-01-22,2018,4,22,12:00:00
517,518,2018-01-22,2018,4,22,13:00:00
518,519,2018-01-22,2018,4,22,14:00:00
519,520,2018-01-22,2018,4,22,15:00:00
520,521,2018-01-22,2018,4,22,16:00:00
521,522,2018-01-22,2018,4,22,17:00:00
522,523,2018-01-22,2018,4,22,18:00:00
523,524,2018-01-22,2018,4,22,19:00:00
524,525,2018-01-22,2018,4,22,20:00:00
525,526,2018-01-22,2018,4,22,21:00:00
526,527,2018-01-22,2018,4,22,22:00:00
527,528,2018-01-22,2018,4,22,23:00:00
528,529,2018-01-23,2018,4,23,00:00:00
529,530,2018-01-23,2018,4,23,01:00:00
530,531,2018-01-23,2018,4,23,02:00:00
531,532,2018-01-23,2018,4,23,03:00:00
532,533,2018-01-23,2018,4,23,04:00:00
533,534,2018-01-23,2018,4,23,05:00:00
534,535,2018-01-23,2018,4,23,06:00:00
535,536,2018-01-23,2018,4,23,07:00:00
536,537,2018-01-23,2018,4,23,08:00:00
537,538,2018-01-23,2018,4,23,09:00:00
538,539,2018-01-23,2018,4,23,10:00:00
539,540,2018-01-23,2018,4,23,11:00:00
540,541,2018-01-23,2018,4,23,12:00:00
541,542,2018-01-23,2018,4,23,13:00:00
542,543,2018-01-23,2018,4,23,14:00:00
543,544,2018-01-23,2018,4,23,15:00:00
544,545,2018-01-23,2018,4,23,16:00:00
545,546,2018-01-23,2018,4,23,17:00:00
546,547,2018-01-23,2018,4,23,18:00:00
547,548,2018-01-23,2018,4,23,19:00:00
548,549,2018-01-23,2018,4,23,20:00:00
549,550,2018-01-23,2018,4,23,21:00:00
550,551,2018-01-23,2018,4,23,22:00:00
551,552,2018-01-23,2018,4,23,23:00:00
552,553,2018-01-24,2018,4,24,00:00:00
553,554,2018-01-24,2018,4,24,01:00:00
554,555,2018-01-24,2018,4,24,02:00:00
555,556,2018-01-24,2018,4,24,03:00:00
556,557,2018-01-24,2018,4,24,04:00:00
557,558,2018-01-24,2018,4,24,05:00:00
558,559,2018-01-24,2018,4,24,06:00:00
559,560,2018-01-24,2018,4,24,07:00:00
560,561,2018-01-24,2018,4,24,08:00:00
561,562,2018-01-24,2018,4,24,09:00:00
562,563,2018-01-24,2018,4,24,10:00:00
563,564,2018-01-24,2018,4,24,11:00:00
564,565,2018-01-24,2018,4,24,12:00:00
565,566,2018-01-24,2018,4,24,13:00:00
566,567,2018-01-24,2018,4,24,14:00:00
567,568,2018-01-24,2018,4,24,15:00:00
568,569,2018-01-24,2018,4,24,16:00:00
569,570,2018-01-24,2018,4,24,17:00:00
570,571,2018-01-24,2018,4,24,18:00:00
571,572,2018-01-24,2018,4,24,19:00:00
572,573,2018-01-24,2018,4,24,20:00:00
573,574,2018-01-24,2018,4,24,21:00:00
574,575,2018-01-24,2018,4,24,22:00:00
575,576,2018-01-24,2018,4,24,23:00:00
576,577,2018-01-25,2018,4,25,00:00:00
577,578,2018-01-25,2018,4,25,01:00:00
578,579,2018-01-25,2018,4,25,02:00:00
579,580,2018-01-25,2018,4,25,03:00:00
580,581,2018-01-25,2018,4,25,04:00:00
581,582,2018-01-25,2018,4,25,05:00:00
582,583,2018-01-25,2018,4,25,06:00:00
583,584,2018-01-25,2018,4,25,07:00:00
584,585,2018-01-25,2018,4,25,08:00:00
585,586,2018-01-25,2018,4,25,09:00:00
586,587,2018-01-25,2018,4,25,10:00:00
587,588,2018-01-25,2018,4,25,11:00:00
588,589,2018-01-25,2018,4,25,12:00:00
589,590,2018-01-25,2018,4,25,13:00:00
590,591,2018-01-25,2018,4,25,14:00:00
591,592,2018-01-25,2018,4,25,15:00:00
592,593,2018-01-25,2018,4,25,16:00:00
593,594,2018-01-25,2018,4,25,17:00:00
594,595,2018-01-25,2018,4,25,18:00:00
595,596,2018-01-25,2018,4,25,19:00:00
596,597,2018-01-25,2018,4,25,20:00:00
597,598,2018-01-25,2018,4,25,21:00:00
598,599,2018-01-25,2018,4,25,22:00:00
599,600,2018-01-25,2018,4,25,23:00:00
600,601,2018-01-26,2018,4,26,00:00:00
601,602,2018-01-26,2018,4,26,01:00:00
602,603,2018-01-26,2018,4,26,02:00:00
603,604,2018-01-26,2018,4,26,03:00:00
604,605,2018-01-26,2018,4,26,04:00:00
605,606,2018-01-26,2018,4,26,05:00:00
606,607,2018-01-26,2018,4,26,06:00:00
607,608,2018-01-26,2018,4,26,07:00:00
608,609,2018-01-26,2018,4,26,08:00:00
609,610,2018-01-26,2018,4,26,09:00:00
610,611,2018-01-26,2018,4,26,10:00:00
611,612,2018-01-26,2018,4,26,11:00:00
612,613,2018-01-26,2018,4,26,12:00:00
613,614,2018-01-26,2018,4,26,13:00:00
614,615,2018-01-26,2018,4,26,14:00:00
615,616,2018-01-26,2018,4,26,15:00:00
616,617,2018-01-26,2018,4,26,16:00:00
617,618,2018-01-26,2018,4,26,17:00:00
618,619,2018-01-26,2018,4,26,18:00:00
619,620,2018-01-26,2018,4,26,19:00:00
620,621,2018-01-26,2018,4,26,20:00:00
621,622,2018-01-26,2018,4,26,21:00:00
622,623,2018-01-26,2018,4,26,22:00:00
623,624,2018-01-26,2018,4,26,23:00:00
624,625,2018-01-27,2018,4,27,00:00:00
625,626,2018-01-27,2018,4,27,01:00:00
626,627,2018-01-27,2018,4,27,02:00:00
627,628,2018-01-27,2018,4,27,03:00:00
628,629,2018-01-27,2018,4,27,04:00:00
629,630,2018-01-27,2018,4,27,05:00:00
630,631,2018-01-27,2018,4,27,06:00:00
631,632,2018-01-27,2018,4,27,07:00:00
632,633,2018-01-27,2018,4,27,08:00:00
633,634,2018-01-27,2018,4,27,09:00:00
634,635,2018-01-27,2018,4,27,10:00:00
635,636,2018-01-27,2018,4,27,11:00:00
636,637,2018-01-27,2018,4,27,12:00:00
637,638,2018-01-27,2018,4,27,13:00:00
638,639,2018-01-27,2018,4,27,14:00:00
639,640,2018-01-27,2018,4,27,15:00:00
640,641,2018-01-27,2018,4,27,16:00:00
641,642,2018-01-27,2018,4,27,17:00:00
642,643,2018-01-27,2018,4,27,18:00:00
643,644,2018-01-27,2018,4,27,19:00:00
644,645,2018-01-27,2018,4,27,20:00:00
645,646,2018-01-27,2018,4,27,21:00:00
646,647,2018-01-27,2018,4,27,22:00:00
647,648,2018-01-27,2018,4,27,23:00:00
648,649,2018-01-28,2018,4,28,00:00:00
649,650,2018-01-28,2018,4,28,01:00:00
650,651,2018-01-28,2018,4,28,02:00:00
651,652,2018-01-28,2018,4,28,03:00:00
652,653,2018-01-28,2018,4,28,04:00:00
653,654,2018-01-28,2018,4,28,05:00:00
654,655,2018-01-28,2018,4,28,06:00:00
655,656,2018-01-28,2018,4,28,07:00:00
656,657,2018-01-28,2018,4,28,08:00:00
657,658,2018-01-28,2018,4,28,09:00:00
658,659,2018-01-28,2018,4,28,10:00:00
659,660,2018-01-28,2018,4,28,11:00:00
660,661,2018-01-28,2018,4,28,12:00:00
661,662,2018-01-28,2018,4,28,13:00:00
662,663,2018-01-28,2018,4,28,14:00:00
663,664,2018-01-28,2018,4,28,15:00:00
664,665,2018-01-28,2018,4,28,16:00:00
665,666,2018-01-28,2018,4,28,17:00:00
666,667,2018-01-28,2018,4,28,18:00:00
667,668,2018-01-28,2018,4,28,19:00:00
668,669,2018-01-28,2018,4,28,20:00:00
669,670,2018-01-28,2018,4,28,21:00:00
670,671,2018-01-28,2018,4,28,22:00:00
671,672,2018-01-28,2018,4,28,23:00:00
672,673,2018-01-29,2018,5,29,00:00:00
673,674,2018-01-29,2018,5,29,01:00:00
674,675,2018-01-29,2018,5,29,02:00:00
675,676,2018-01-29,2018,5,29,03:00:00
676,677,2018-01-29,2018,5,29,04:00:00
677,678,2018-01-29,2018,5,29,05:00:00
678,679,2018-01-29,2018,5,29,06:00:00
679,680,2018-01-29,2018,5,29,07:00:00
680,681,2018-01-29,2018,5,29,08:00:00
681,682,2018-01-29,2018,5,29,09:00:00
682,683,2018-01-29,2018,5,29,10:00:00
683,684,2018-01-29,2018,5,29,11:00:00
684,685,2018-01-29,2018,5,29,12:00:00
685,686,2018-01-29,2018,5,29,13:00:00
686,687,2018-01-29,2018,5,29,14:00:00
687,688,2018-01-29,2018,5,29,15:00:00
688,689,2018-01-29,2018,5,29,16:00:00
689,690,2018-01-29,2018,5,29,17:00:00
690,691,2018-01-29,2018,5,29,18:00:00
691,692,2018-01-29,2018,5,29,19:00:00
692,693,2018-01-29,2018,5,29,20:00:00
693,694,2018-01-29,2018,5,29,21:00:00
694,695,2018-01-29,2018,5,29,22:00:00
695,696,2018-01-29,2018,5,29,23:00:00
696,697,2018-01-30,2018,5,30,00:00:00
697,698,2018-01-30,2018,5,30,01:00:00
698,699,2018-01-30,2018,5,30,02:00:00
699,700,2018-01-30,2018,5,30,03:00:00
700,701,2018-01-30,2018,5,30,04:00:00
701,702,2018-01-30,2018,5,30,05:00:00
702,703,2018-01-30,2018,5,30,06:00:00
703,704,2018-01-30,2018,5,30,07:00:00
704,705,2018-01-30,2018,5,30,08:00:00
705,706,2018-01-30,2018,5,30,09:00:00
706,707,2018-01-30,2018,5,30,10:00:00
707,708,2018-01-30,2018,5,30,11:00:00
708,709,2018-01-30,2018,5,30,12:00:00
709,710,2018-01-30,2018,5,30,13:00:00
710,711,2018-01-30,2018,5,30,14:00:00
711,712,2018-01-30,2018,5,30,15:00:00
712,713,2018-01-30,2018,5,30,16:00:00
713,714,2018-01-30,2018,5,30,17:00:00
714,715,2018-01-30,2018,5,30,18:00:00
715,716,2018-01-30,2018,5,30,19:00:00
716,717,2018-01-30,2018,5,30,20:00:00
717,718,2018-01-30,2018,5,30,21:00:00
718,719,2018-01-30,2018,5,30,22:00:00
719,720,2018-01-30,2018,5,30,23:00:00
720,721,2018-01-31,2018,5,31,00:00:00
721,722,2018-01-31,2018,5,31,01:00:00
722,723,2018-01-31,2018,5,31,02:00:00
723,724,2018-01-31,2018,5,31,03:00:00
724,725,2018-01-31,2018,5,31,04:00:00
725,726,2018-01-31,2018,5,31,05:00:00
726,727,2018-01-31,2018,5,31,06:00:00
727,728,2018-01-31,2018,5,31,07:00:00
728,729,2018-01-31,2018,5,31,08:00:00
729,730,2018-01-31,2018,5,31,09:00:00
730,731,2018-01-31,2018,5,31,10:00:00
731,732,2018-01-31,2018,5,31,11:00:00
732,733,2018-01-31,2018,5,31,12:00:00
733,734,2018-01-31,2018,5,31,13:00:00
734,735,2018-01-31,2018,5,31,14:00:00
735,736,2018-01-31,2018,5,31,15:00:00
736,737,2018-01-31,2018,5,31,16:00:00
737,738,2018-01-31,2018,5,31,17:00:00
738,739,2018-01-31,2018,5,31,18:00:00
739,740,2018-01-31,2018,5,31,19:00:00
740,741,2018-01-31,2018,5,31,20:00:00
741,742,2018-01-31,2018,5,31,21:00:00
742,743,2018-01-31,2018,5,31,22:00:00
743,744,2018-01-31,2018,5,31,23:00:00
